,ability ,n,,
,able ,adj,,
,about ,adv & prep,,
,above ,"adj, adv & prep",,
,abroad ,adv,,
,absent ,adj,,
,absolutely ,adv,,
,accent,n,,
,accept ,v,,
,access ,n,,
,accident ,n,,
,accommodation ,n,,
,accompany ,v,,
,according to ,prep phr,,
,account ,n,,
,accountant ,n,,
,accurate ,adj,,
,ache ,n,,
,achieve ,v,,
,across ,adv & prep,,
,act ,n & v,,
,action ,n,,
,active ,adj,,
,activity ,n,,
,actor ,n,,
,actress ,n,,
,actually ,adv,,
,actually very nice. ,,,
,ad ,advertisement,,
,add ,v,,
,addition ,n,,
,address ,n,,
,admire ,v,,
,admission ,n,,
,admit ,v,,
,adult ,adj & n,,
,advanced,adj,,
,advantage ,n,,
,adventure ,n,,
,advert ,n,,
,advertise ,v,,
,advertisement ,n,,
,advice ,n,,
,advise ,v,,
,aeroplane ,n,,
,afford ,v,,
,afraid ,adj,,
,after ,"adv,conj & prep",,
,afternoon ,n,,
,afterwards ,adv,,
,again ,adv,,
,against ,prep,,
,age ,n,,
,aged,adj,,
,agency ,n,,
,ago ,adv,,
,agree ,v,,
,ahead ,adv,,
,aim ,n & v,,
,air ,n,,
,air conditioning ,n,,
,air force ,n,,
,airline ,n,,
,airport ,n,,
,alarm ,n,,
,alarm clock ,n,,
,album ,n,,
,alike ,adv,,
,alive ,adj,,
,all ,"adj, adv, det & pron",,
,all right/alright ,"adj,adv & exclam",,
,allow ,v,,
,along ,adv & prep,,
,aloud ,adv,,
,alphabet ,n,,
,already ,adv,,
,also ,adv,,
,although ,conj,,
,altogether ,adv,,
,always ,adv,,
,amazed ,adj,,
,amazing ,adj,,
,ambition ,n,,
,ambulance ,n,,
,among ,amongst,,
,amount ,n,,
,amusing ,adj,,
,an ,det,,
,ancient ,adj,,
,and ,conj,,
,angry ,adj,,
,animal ,n,,
,ankle ,n,,
,anniversary ,n,,
,announce ,v,,
,announcement ,n,,
,annoy ,v,,
,annual ,adj,,
,another ,det & pron,,
,answer ,n & v,,
,answerphone ,n,,
,ant ,n,,
,antique ,adj & n,,
,anxious ,adj,,
,any ,det & pron,,
,anybody ,pron,,
,anymore ,adv,,
,anyone ,pron,,
,anything ,pron,,
,anyway ,adv,,
,anywhere ,adv,,
,apart ,adv,,
,apart from ,adv,,
,apartment ,n,,
,apartment building ,n,,
,apologise ,v,,
,apology ,n,,
,appear ,v,,
,appearance ,n,,
,apple ,n,,
,application ,n,,
,apply ,v,,
,appointment ,n,,
,approach ,v,,
,approve ,v,,
,architect ,n,,
,architecture ,n,,
,area ,n,,
,argue ,v,,
,argument ,n,,
,arm ,n,,
,armchair ,n,,
,army ,n,,
,around ,adv & prep,,
,arrange ,v,,
,arrangement ,n,,
,arrest ,v,,
,arrival ,n,,
,arrive ,v,,
,art ,n,,
,article ,n,,
,artist ,n,,
,as ,conj & prep,,
,ashamed ,adj,,
,ask ,v,,
,asleep ,adj,,
,aspirin ,n,,
,assistant ,n,,
,as well ,as,,
,at ,prep,,
,at I@ ,n,,
,david@cambridgeesol.org ,,,
,at all ,prep phr,,
,at first ,prep phr,,
,athlete ,n,,
,athletics ,n,,
,at last ,prep phr,,
,at least ,prep phr,,
,atmosphere ,n} ,,
,at once ,prep phr} ,,
,at present ,prep phr,,
,attach ,v,,
,attack ,n & v} ,,
,attempt ,v} ,,
,attend ,v} ,,
,attention ,n,,
,at the same time ,prep phr,,
,attitude ,n,,
,attract ,v,,
,attraction ,n,,
,attractive ,adj,,
,audience ,n} ,,
,aunt ,n,,
,author ,n} ,,
,autumn ,n} ,,
,available ,adj,,
,average ,adj & n} ,,
,avoid ,v} ,,
,awake ,adj,,
,away ,adv} ,,
,awful ,adj,,
,baby ,n} ,,
,babysit ,v,,
,babysitter ,n} ,,
,back ,"adv, adj & n",,
,background ,n,,
,backpack ,n,,
,backpacker,n} ,,
,backpacking ,n,,
,backwards ,adv,,
,bad ,adj} ,,
,badly ,adv,,
,badminton ,n,,
,bag ,n,,
,baggage ,n,,
,bake ,v} ,,
,baker ,n,,
,balcony ,n} ,,
,bald ,adj,,
,ball ,n,,
,ballet ,n,,
,balloon ,n,,
,banana ,n,,
,band ,n,,
,bandage ,n,,
,bank ,n,,
,bank account ,n,,
,banking ,n,,
,bar ,n,,
,barbecue ,n & v,,
,baseball ,n,,
,base on ,phr v,,
,basic ,adj,,
,basin ,n,,
,basket ,n,,
,basketball ,n,,
,bat ,n,,
,bath ,n & v,,
,bathing suit ,n,,
,bathroom ,n,,
,bathtub ,n,,
,battery ,n,,
,battle ,n,,
,bay ,n,,
,be ,av & v,,
,beach ,n,,
,bean ,n,,
,bear,n,,
,beard ,n,,
,beat ,v,,
,beautiful ,adj,,
,beauty ,n,,
,because,conj,,
,because of ,prep phr,,
,become ,v,,
,bed ,n,,
,bedroom ,n,,
,bee ,n,,
,beef ,n,,
,before ,"prep,adv & conj",,
,begin ,v,,
,beginner ,n,,
,beginning ,n,,
,behave ,v,,
,behaviour ,n,,
,behind ,prep & adv,,
,believe ,v,,
,bell,n,,
,belong ,v,,
,below ,adv & prep,,
,belt ,n,,
,beneath ,prep,,
,benefit ,n,,
,be over ,phr v,,
,besides ,prep,,
,best ,adj & adv,,
,better ,adj & adv,,
,between ,prep & adv,,
,beyond ,prep & adv,,
,bicycle ,n,,
,big ,adj,,
,bike ,n,,
,bill ,n,,
,bin ,n,,
,biography ,n,,
,biology ,n,,
,bird ,n,,
,birth ,n,,
,birthday ,n,,
,biscuit ,n,,
,bit ,n,,
,bite ,v,,
,blackboard ,n,,
,blame ,v,,
,blank ,adj,,
,blanket ,n,,
,bleed ,v,,
,blind ,adj,,
,block ,n,,
,blog ,n,,
,blogger ,n,,
,blond,e,,
,blood ,n,,
,blouse ,n,,
,blow ,v,,
,blue ,adj & n,,
,board ,n & v,,
,board game ,n,,
,boarding pass ,n,,
,boat ,n,,
,body ,n,,
,boil ,v,,
,v) bookcase ,,,
,booking office ,n,,
,bookshelf ,n,,
,bookshop ,n,,
,bookstore ,n,,
,boot ,n,,
,border ,n,,
,bored ,adj,,
,boring ,adj,,
,born ,adj,,
,borrow ,v,,
,boss ,n,,
,both ,pron & det,,
,bother ,v,,
,the time? ,,,
,me. ,,,
,bother!' ,,,
,bottle ,n,,
,bottom ,adj & n,,
,bowl ,n,,
,box ,n,,
,boy ,n,,
,boyfriend ,n,,
,bracelet ,n,,
,brain ,n,,
,brake ,n & v,,
,branch ,n,,
,brand new ,adj,,
,brave ,adj,,
,bread ,n,,
,break ,n & v,,
,break down ,phr v,,
,breakfast ,n,,
,break in ,phr v,,
,computer. ,,,
,break up ,phr v,,
,breath ,n,,
,breathe ,v,,
,breeze ,n,,
,bride ,n,,
,bridge ,n,,
,brief ,adj,,
,bright ,adj,,
,brilliant ,adj,,
,bring ,v,,
,bring up ,phr v,,
,broad ,adj,,
,broccoli ,n,,
,brochure ,n,,
,broken ,adj,,
,brother ,n,,
,brown ,adj & n,,
,brush ,n & v,,
,bucket,n,,
,bug ,n,,
,build ,v,,
,building ,n,,
,bulb ,n,,
,bull ,n,,
,bunch ,n,,
,burger ,n,,
,burn ,v,,
,burning ,adj,,
,bury ,v,,
,bus ,n,,
,bus stop ,n,,
,busy ,adj,,
,but ,conj & prep,,
,butcher ,n,,
,butter ,n,,
,butterfly ,n,,
,button ,n,,
,buy ,v,,
,buyer ,n,,
,by ,prep,,
,by accident ,prep phr,,
,bye ,exclam,,
,by hand ,prep phr,,
,by mistake ,prep phr,,
,by name ,prep phr,,
,cab ,n,,
,cabbage ,n,,
,cabin ,n,,
,cabinet ,n,,
,cable ,n,,
,cafe/cafe ,n,,
,cafeteria ,n,,
,cage ,n,,
,cake ,n,,
,calculator ,n,,
,calendar ,n,,
,calf ,n,,
,call ,n & v,,
,call for ,phr v,,
,call in ,phr v,,
,calm ,adj,,
,camel ,n,,
,camera ,n,,
,camp ,n & v,,
,camping ,n,,
,campsite ,n,,
,can ,n & mv,,
,canal ,n,,
,cancel ,v,,
,candidate ,n,,
,candle ,n,,
,candy ,n,,
,canteen ,n,,
,cap ,n,,
,capital ,adj & n,,
,captain ,n,,
,car,n,,
,card ,n,,
,cardboard ,adj & n,,
,care ,n & v,,
,career ,n,,
,careful ,adj,,
,carefully ,ad,,
,careless ,adj,,
,car park ,n,,
,carpet ,n,,
,carrot ,n,,
,carry ,v,,
,carry on ,phr v,,
,carry out ,phr v,,
,the instructions. ,,,
,cartoon ,n,,
,case ,n,,
,cash ,n,,
,cashpoint ,n,,
,castle ,n,,
,casual ,adj,,
,cat ,n,,
,catch ,v,,
,cathedral ,n,,
,cattle ,n,,
,cave ,n,,
,CD ,n,,
,CD player ,n,,
,CD-Rom ,n,,
,ceiling ,n,,
,celebrate ,v,,
,celebration ,n,,
,celebrity ,n,,
,cell phone ,n,,
,cent ,n,,
,centimetre I centimeter ,em,,
,central ,adj,,
,central heating ,n,,
,centre/center ,n,,
,century ,n,,
,cereal ,n,,
,ceremony ,n,,
,certain ,adj,,
,certainly ,not,,
,certificate ,n,,
,chain ,n,,
,chair ,n,,
,challenge ,n,,
,challenging ,adj,,
,champion ,n,,
,championship ,n,,
,chance ,n,,
,change ,n & v,,
,changing room ,n,,
,channel ,n,,
,chapter ,n,,
,character ,n,,
,charge ,n & v,,
,charity ,n,,
,charming ,adj,,
,chat ,n,,
,chatroom ,n,,
,chat show ,n,,
,cheap ,adj,,
,cheat ,v,,
,check ,n & v,,
,check in ,phr v,,
,check-in ,n,,
,check out ,phr v,,
,of his stay. ,,,
,checkout ,n,,
,cheek,n,,
,cheerful ,adj,,
,cheers! ,exclam,,
,cheese ,n,,
,chef ,n,,
,chemist ,n,,
,chemistry ,n,,
,cheque ,n,,
,chess,n,,
,chest of drawers ,n,,
,chicken ,n,,
,child ,n,,
,childhood ,n,,
,chilli ,n,,
,chin ,n,,
,chip ,n,,
,chocolate ,n,,
,choice ,n,,
,choose ,v,,
,cinema ,n,,
,circle ,n,,
,circus ,n,,
,city ,n,,
,clap ,v,,
,class ,n,,
,classical ,adj,,
,classmate ,n,,
,classroom ,n,,
,clean ,adj & v,,
,cleaner ,n,,
,clear ,adj & v,,
,clearly ,adv,,
,clever ,adj,,
,click ,n & v,,
,cliff ,n,,
,climate ,n,,
,climb ,v,,
,climbing ,n,,
,clinic ,n,,
,clock ,n,,
,close ,"adj, adv & v",,
,closed ,adj,,
,clothes ,n pi,,
,cloud ,n,,
,cloudy ,adj,,
,clown ,n,,
,club ,n,,
,coach ,n,,
,coast ,n,,
,coat ,n,,
,coconut ,n,,
,cod ,n,,
,coffee ,n,,
,coin ,n,,
,cola ,n,,
,cold ,adj & n,,
,collar,n,,
,colleague ,n,,
,collect ,v,,
,collection ,n,,
,college ,n,,
,colour ,n & v,,
,colourful ,adj,,
,comb ,n & v,,
,come ,v,,
,comedy ,n,,
,come on ,phr v,,
,comfort ,n,,
,comfortable ,adj,,
,comic ,adj & n,,
,comma ,n,,
,common ,adj,,
,communicate ,v,,
,communication ,n,,
,company ,n,,
,compare ,v,,
,compete ,v,,
,competition ,n,,
,competitor ,n,,
,complain ,v,,
,complaint ,n,,
,complete ,adj & v,,
,complicated ,adj,,
,composition ,n,,
,computer ,n,,
,concentrate ,v,,
,concert ,n,,
,conclusion ,n,,
,condition ,n,,
,conference ,n,,
,confident ,adj,,
,confirm ,v,,
,confused ,adj,,
,confusing ,adj,,
,congratulations! ,exclam,,
,connect ,v,,
,connection ,n,,
,consider ,v,,
,consist ,v,,
,consonant ,n,,
,contact ,n & v,,
,contain ,v,,
,contents ,n,,
,contest ,n,,
,continent ,n,,
,continue ,v,,
,contract ,n,,
,control ,n & v,,
,convenient ,adj,,
,conversation ,n,,
,convince ,v,,
,cook ,n & v,,
,cooker ,n,,
,cookie ,n,,
,cooking ,n,,
,cool ,"adj, exclam & v",,
,copy ,n & v,,
,corn ,n,,
,corner ,n,,
,correct ,adj,,
,correction ,n,,
,cost ,n & v,,
,costume ,n,,
,cosy,adj,,
,cottage ,n,,
,cotton ,n,,
,cough ,n & v,,
,could ,mv,,
,count ,v,,
,country ,n,,
,countryside ,n,,
,couple ,n,,
,courage ,n,,
,course ,n,,
,court ,n,,
,cousin ,n,,
,cover ,n & v,,
,cow ,n,,
,crash ,n & v,,
,crazy ,adj,,
,cream ,adj & n,,
,create ,v,,
,creative ,adj,,
,creature ,n,,
,credit ,n,,
,credit card ,n,,
,crew ,n,,
,cricket ,n,,
,crime ,n,,
,criminal ,n,,
,crop ,n,,
,cross ,n & v,,
,crossing ,n,,
,cross out ,phr v,,
,crossroads ,n,,
,crowd ,n,,
,crowded ,adj,,
,cruel ,adj,,
,cruise ,n,,
,cry ,n & v,,
,cucumber ,n,,
,cultural ,adj,,
,culture ,n,,
,cup ,n,,
,cupboard ,n,,
,cure ,n & v,,
,curious ,adj,,
,curiously ,adv,,
,curly ,adj,,
,currency ,n,,
,curriculum ,n,,
,curry ,n,,
,curtain ,n,,
,cushion ,n,,
,custom ,n,,
,customer ,n,,
,customs ,n pi,,
,cut ,n & v,,
,cute ,adj,,
,cut up ,phr v,,
,CV ,Curriculum Vitae,,
,cycle ,n & v,,
,cycling ,n,,
,cyclist ,n,,
,dad ,n,,
,daily ,adj & adv,,
,damage ,n & v,,
,damaged ,adj,,
,dance ,n & v,,
,dancer ,n,,
,dancing ,n,,
,danger ,n,,
,dangerous ,adj,,
,dark ,adj & n,,
,date ,n & v,,
,daughter ,n,,
,day ,n,,
,dead,adj,,
,deaf ,adj,,
,deal ,v,,
,deal with ,sth,,
,dear ,adj & exclam,,
,death ,n,,
,decide ,v,,
,decision ,n,,
,declare ,v,,
,decorate ,v,,
,decrease ,n & v,,
,deep ,adj & adv,,
,defeat ,n & v,,
,defence ,n,,
,defend ,v,,
,definitely ,adv,,
,degree ,n,,
,delay ,n & v,,
,delete ,v,,
,delicious ,adj,,
,delighted ,adj,,
,deliver ,v,,
,delivery ,n,,
,demand ,n & v,,
,dentist ,n,,
,depart ,v,,
,department ,n,,
,department store ,n,,
,departure ,n,,
,depend ,on/upon,,
,deposit ,n,,
,depressed ,adj,,
,depth ,n,,
,describe ,v,,
,description ,n,,
,desert ,n,,
,deserve ,v,,
,design ,n & v,,
,designer ,n,,
,desk ,n,,
,despite ,prep,,
,dessert ,n,,
,destination ,n,,
,destroy ,v,,
,detail ,n,,
,detective ,n,,
,develop ,v,,
,development ,n,,
,diagram ,n,,
,dial ,v,,
,diet ,n,,
,difference ,n,,
,different ,adj,,
,difficult ,adj,,
,difficulty ,n,,
,dig ,v,,
,digital ,adj,,
,digital camera ,n,,
,dining room ,n,,
,dinner ,n,,
,dinosaur ,n,,
,diploma ,n,,
,direct ,adj & v,,
,direction ,n,,
,directly ,adv,,
,director ,n,,
,dirt ,n,,
,disabled ,adj,,
,disadvantage ,n,,
,disagree ,v,,
,disappear ,v,,
,disappoint ,v,,
,disappointed ,adj,,
,disappointing ,adj,,
,disappointment ,n,,
,disc/disk ,n,,
,disc jockey ,OJ,,
,disco,theque,,
,discount ,n,,
,discover ,v,,
,discuss ,v,,
,discussion ,n,,
,disease ,n,,
,disgusting ,adj,,
,dish ,n,,
,dishwasher ,n,,
,disk ,n,,
,dislike ,v,,
,display ,n & v,,
,distance ,n,,
,district ,n,,
,disturb ,v,,
,dive ,v,,
,diver ,n,,
,divide ,v,,
,diving ,n,,
,OJ ,disc jockey,,
,do ,av & v,,
,doctor I Dr ,n,,
,document ,n,,
,documentary ,n,,
,dog ,n,,
,doll ,n,,
,dollar ,n,,
,dolphin ,n,,
,donkey ,n,,
,door ,n,,
,dot ,n,,
,double ,adj & det,,
,doubt ,n,,
,down ,adv & prep,,
,download ,n & v,,
,downstairs ,adj & adv,,
,dozen ,det & n,,
,Dr ,n,,
,drag ,v,,
,trash can. ,,,
,drama ,n,,
,draw ,v,,
,something ,,,
,drawer ,n,,
,drawing ,n,,
,dream ,n & v,,
,dress ,n & v,,
,dressed ,adj,,
,drink ,n & v,,
,drive ,n & v,,
,driver ,n,,
,driving licence ,n,,
,drop ,n & v,,
,drugstore ,n,,
,drum ,n,,
,dry ,adj & v,,
,duck ,n,,
,due,adj,,
,due to ,prep phr,,
,dull,adj,,
,during ,prep,,
,dust ,n,,
,dustbin ,n,,
,dusty ,adj,,
,duty ,n,,
,duty-free ,adj & n,,
,duvet ,n,,
,DVD ,n,,
,DVD player ,n,,
,easy,adj,,
,easygoing ,adj,,
,eat ,v,,
,economics ,n,,
,edge ,n,,
,education ,n,,
,effect ,n,,
,efficient ,adj,,
,effort ,n,,
,egg ,n,,
,either ,"adv, det & pron",,
,elbow ,n,,
,electric ,adj,,
,electrical ,adj,,
,electricity ,n,,
,electronic ,adj,,
,elementary ,adj,,
,elephant ,n,,
,elevator ,n,,
,else ,adv,,
,emergency ,n,,
,employ ,v,,
,employee ,n,,
,employer ,n,,
,employment ,n,,
,empty ,adj,,
,encourage ,v,,
,end ,n & v,,
,ending ,n,,
,end up ,phr v,,
,Australia. ,,,
,enemy ,n,,
,energy ,n,,
,energy. ,,,
,engaged,adj,,
,engine ,n,,
,engineer ,n,,
,engineering ,n,,
,enjoy ,v,,
,enormous ,adj,,
,enough ,"adv, det & pron",,
,enquiry ,n,,
,enter ,v,,
,entertain ,v,,
,entertainment ,n,,
,each ,det & pron,,
,ear,n,,
,earache ,n,,
,early ,adj & adv,,
,earn ,v,,
,earring ,n,,
,earth ,n,,
,east ,"adj,adv & n",,
,eastern ,adj,,
,easily ,ad,,
,entrance ,n,,
,entry ,n,,
,envelope ,n,,
,environment ,n,,
,environmental ,adj,,
,equal ,adj,,
,equipment ,n,,
,eraser ,n,,
,escape ,v,,
,especially ,adv,,
,essay ,n,,
,essential ,adj,,
,euro ,n,,
,even ,adv,,
,evening ,n,,
,event,n,,
,ever ,adv,,
,every ,det,,
,everybody ,pron,,
,everyone ,pron,,
,everything ,pron,,
,everywhere ,adv,,
,exact ,adj,,
,exactly ,adv,,
,examination/exam ,n,,
,examiner ,n,,
,example ,n,,
,excellent ,adj,,
,except ,"prep, conj",,
,exchange ,n,,
,exchange ,v,,
,exchange rate ,n,,
,excited ,adj,,
,excitement ,n,,
,exciting ,adj,,
,excuse ,n & v,,
,exercise ,n & v,,
,exhausted ,adj,,
,exhibition ,n,,
,exist ,v,,
,exit ,n,,
,expedition ,n,,
,expensive ,adj,,
,experience ,n,,
,experienced ,adj,,
,experiment ,n,,
,expert ,n,,
,explain ,v,,
,explanation ,n,,
,explode ,v,,
,explore ,v,,
,explorer ,n,,
,extra ,"adj, adv & n",,
,extraordinary ,adj,,
,extremely ,adv,,
,extreme sport ,n,,
,eye ,n,,
,face ,n,,
,face to face ,adv,,
,face-to-face ,adj,,
,facilities ,n pi,,
,fact ,n,,
,factory ,n,,
,fail ,v,,
,fair ,adj & n,,
,fairly ,adv,,
,fall ,n & v,,
,autumn) ,,,
,false ,adj,,
,familiar ,with,,
,family ,n,,
,famous ,adj,,
,fan ,n} ,,
,fancy ,v,,
,fantastic ,adj,,
,far ,adv,,
,fare ,n,,
,farm ,n,,
,farmer ,n,,
,farming ,n,,
,fashion ,n,,
,fashionable ,adj,,
,fast ,adj & adv,,
,fasten ,v,,
,fast food ,n,,
,fat ,adj,,
,father ,n,,
,fault ,n,,
,favour ,n,,
,favourite ,adj & n,,
,fax ,v,,
,fear ,n,,
,fee ,n,,
,feed ,v,,
,feel ,v,,
,feeling ,n,,
,feel like ,v,,
,female ,adj,,
,ferry ,n,,
,festival ,n,,
,fetch ,v,,
,fever ,n,,
,few ,"adj, det & pon",,
,fiction ,n,,
,field ,n,,
,fight ,n & v,,
,figure ,n,,
,file ,n,,
,fill ,v,,
,fill in ,phr v,,
,fill up ,phr v,,
,film ,n & v,,
,film maker ,n,,
,film star ,,,
,final ,adj & n,,
,finally ,adv,,
,financial ,adj,,
,find ,v,,
,find out ,phr v,,
,fine ,adj & n,,
,finger ,n,,
,finish ,n & v,,
,fire ,n,,
,firefighter ,n,,
,firework ,n,,
,firm ,n,,
,first ,adj & adv,,
,first name ,n,,
,fish ,n & v,,
,fishing ,n,,
,fit ,adj & v,,
,fitness ,n,,
,fix ,v,,
,flag ,n,,
,flat ,adj & n,,
,flavour ,n,,
,flight ,n,,
,float ,v,,
,flood ,n & v,,
,floor ,n,,
,flour ,n,,
,flow ,v,,
,flower ,n,,
,flu ,n,,
,flute ,n,,
,fly ,n & v,,
,fog ,n,,
,foggy ,adj,,
,fold ,v,,
,folk ,adj & n,,
,follow ,v,,
,following ,adj,,
,fond ,adj,,
,food ,n,,
,fool ,n,,
,foot ,n,,
,forbidden ,adj,,
,forecast ,n,,
,foreign ,adj,,
,foreigner ,n,,
,forest ,n,,
,forever ,adv,,
,forget ,v,,
,forgive ,v,,
,fork ,n,,
,form ,n,,
,fortunately ,adv,,
,forward,s,,
,fountain ,n,,
,frame ,n,,
,free ,adj & adv,,
,freeze ,v,,
,freezer ,n,,
,freezing ,adj,,
,French fries ,n,,
,frequent ,adj,,
,fresh {adj) ,,,
,fridge {n) ,,,
,fried ,adj,,
,friendship {n) ,,,
,frighten {v) ,,,
,frightened {adj) ,,,
,frightening ,adj,,
,frog ,n,,
,from {prep) ,,,
,front {adj & n) ,,,
,frozen ,adj,,
,fruit {n) ,,,
,fry ,v,,
,frying pa,,,
,full ,adj,,
,full stop ,n,,
,full time ,adv,,
,full-time ,adj,,
,fully ,adv,,
,fun ,adj & n,,
,funny ,adj,,
,fur ,n,,
,furniture ,n,,
,further ,adv & adj,,
,furthest ,adj,,
,future ,adj & n,,
,grade ,n,,
,graduation ,n,,
,gram,me,,
,grammar ,n,,
,grandchild ,n,,
,grand,d,,
,granddaughter ,n,,
,grandfather ,n,,
,grandma ,n,,
,grandmother ,n,,
,grandpa ,n,,
,grandparent ,n,,
,grandson ,n,,
,granny ,n,,
,grant ,n,,
,Australia. ,n,,
,grape ,n,,
,graphics ,n pi,,
,grass ,n,,
,grateful ,adj,,
,great ,adj,,
,green ,adj & n,,
,greet ,v,,
,greeting ,n,,
,grey ,adj & n,,
,grill ,n & v,,
,grilled ,adj,,
,grocery store ,n,,
,groom ,n,,
,ground ,n,,
,group ,n,,
,grow ,v,,
,grow up ,phr v,,
,guard ,n,,
,guess ,n & v,,
,guest ,n,,
,guest-house ,n,,
,guide ,n & v,,
,guidebook ,n,,
,guilty ,adj,,
,guitar ,n,,
,guitarist ,n,,
,gum ,n,,
,gun ,n,,
,guy ,n,,
,gym ,n,,
,gymnastics ,n,,
,habit ,n,,
,hair ,n,,
,haircut ,n,,
,hairdresser ,n,,
,hairdryer ,n,,
,half ,"adv, det, n & pron",,
,half-price ,adj,,
,hall ,n,,
,hand ,n & v,,
,handbag ,n,,
,hand-held ,adj,,
,hand in ,phr v,,
,you've finished. ,,,
,handkerchief ,n,,
,handle ,v,,
,hand out ,phr v,,
,handsome ,adj,,
,handwriting ,n,,
,hang ,v,,
,hang out ,phr v,,
,hang up ,phr v,,
,call. ,,,
,happen ,v,,
,happy ,adj,,
,happily ,adv,,
,happiness ,n,,
,harbour ,n,,
,hard ,adj & adv,,
,hardly ,adv,,
,hardware ,n,,
,hat ,n,,
,hate ,v,,
,have ,av & v,,
,have got to ,mv,,
,have to ,mv,,
,he ,pron,,
,head ,n,,
,headache ,n,,
,headline ,n,,
,headteacher ,n,,
,health ,n,,
,healthy ,adj,,
,hear ,v,,
,heart ,n,,
,heat ,n,,
,heating ,n,,
,heater ,n,,
,heavy,adj,,
,heel ,n,,
,height ,n,,
,helicopter ,n,,
,hello ,exclam,,
,helmet ,n,,
,help ,n & v,,
,her ,det & pron,,
,herb ,n,,
,here ,adv,,
,hero ,n,,
,heroine ,n,,
,schoolgirl. ,,,
,hers ,pron,,
,herself ,pron,,
,hey ,exclam,,
,hi ,exclam,,
,hidden ,adj,,
,hide ,v,,
,high ,adj & adv,,
,hill ,n,,
,him ,pron,,
,himself ,pron,,
,hip hop ,n,,
,hire ,v & n,,
,his ,det & pron,,
,historic ,adj,,
,historical ,adj,,
,history ,n,,
,hit ,n & v,,
,hitchhike ,v,,
,hobby ,n,,
,hockey,n,,
,hold ,v,,
,hold up ,phr v,,
,hole ,n,,
,holiday ,n,,
,home ,adv & n,,
,homepage ,n,,
,homework ,n,,
,honest ,adj,,
,honestly ,adv,,
,honey ,n,,
,honeymoon ,n,,
,hope ,n & v,,
,hopeful ,adj,,
,hopefully ,adv,,
,hopeless ,adj,,
,horrible ,adj,,
,horror ,adj,,
,horse ,n,,
,hospital ,n,,
,hostel ,n,,
,hot ,adj,,
,hotel ,n,,
,hour ,n,,
,house ,n,,
,housewife ,n,,
,housework ,n,,
,how ,adv,,
,however ,adv,,
,how much ,adv,,
,hug ,n & v,,
,huge,adj,,
,human ,adj & n,,
,humid ,adj,,
,hunger ,n,,
,hungry ,adj,,
,hunt ,v,,
,husband ,n,,
,hut ,n,,
,I ,pron,,
,ice ,n,,
,ice cream ,n,,
,ice hockey ,n,,
,ice skating ,n,,
,icy ,adj,,
,ID ,n,,
,ID card ,n,,
,idea ,n,,
,identification ,n,,
,identity card ,ID,,
,if ,conj,,
,ill ,adj,,
,illness ,n,,
,imagination ,n,,
,imagine ,v,,
,immediately ,adv,,
,immigration ,n,,
,importance ,n,,
,important ,adj,,
,impossible ,adj,,
,improve ,v,,
,improvement ,n,,
,in ,adv & prep,,
,in advance ,prep phr,,
,inch ,n,,
,incredible ,adj,,
,indeed ,adv,,
,independent ,adj,,
,individual ,adj,,
,indoor ,adj,,
,indoors ,adv,,
,industry ,n,,
,in fact ,prep phr,,
,inform ,v,,
,information ,n,,
,in front of ,prep phr,,
,ingredient ,n,,
,in half ,prep phr,,
,in ink ,prep phr,,
,iinitial ,n,,
,injure ,v,,
,ink ,n,,
,in love ,prep phr,,
,in pencil ,prep phr,,
,in order ,prep phr,,
,in order to ,prep phr,,
,inquiry ,n,,
,insect ,n,,
,inside ,adv & prep,,
,insist ,v,,
,install ,v,,
,instance ,n,,
,instead ,of,,
,oranges instead. ,,,
,Tuesday? ,,,
,instructions ,n pi,,
,instructor ,n,,
,instrument ,n,,
,intelligent ,adj,,
,intend ,v,,
,interest ,n & v,,
,interested ,adj,,
,interesting ,adj,,
,intermediate ,adj,,
,international ,adj,,
,internet ,n,,
,interrupt ,v,,
,interval ,n,,
,interview ,n & v,,
,in the end ,prep phr,,
,in time ,prep phr,,
,into ,prep,,
,introduce ,v,,
,introduction ,n,,
,in two ,prep phr,,
,invent ,v,,
,invention ,n,,
,invitation ,n,,
,invite ,v,,
,involve ,v,,
,iron ,n & v,,
,ironing ,n,,
,island ,n,,
,issue ,n,,
,IT ,Information Technology,,
,it ,pron,,
,item ,n,,
,its ,det,,
,itself ,pron,,
,jacket ,n,,
,jail ,n,,
,jam ,n,,
,jar ,n,,
,jazz ,n,,
,jealous ,adj,,
,jeans ,n pi,,
,jet ,n,,
,jewellery ,n,,
,job ,n,,
,joke ,n & v,,
,journalist ,n,,
,journey ,n,,
,judge ,n & v,,
,jug ,n,,
,juice ,n,,
,jump ,n & v,,
,jumper ,n,,
,jungle ,n,,
,just ,adv,,
,kangaroo ,n,,
,keen ,adj,,
,keep ,v,,
,keeper ,n,,
,keep in ,phr v,,
,cold. ,,,
,keep on ,phr v,,
,keep up ,phr v,,
,kettle ,n,,
,key ,n,,
,keyboard ,n,,
,kick ,n & v,,
,kid ,n,,
,kill ,v,,
,kilogramme ,kg,,Am Eng: 
,kilogram) ,,,
,kilometre ,km,,Am Eng: 
,kilometer) ,,,
,kind ,adj & n,,
,king ,n,,
,kiss ,n & v,,
,kit ,n,,
,kitchen ,n,,
,kite ,n,,
,kitten ,n,,
,knee ,n,,
,knife ,n,,
,knit ,v,,
,knock ,v,,
,knock down ,phr v,,
,label ,n,,
,laboratory ,lab,,
,lack ,n,,
,ladder ,n,,
,lady ,n,,
,lake ,n,,
,lamb ,n,,
,lamp ,n,,
,land ,n & v,,
,landscape ,n,,
,language ,n,,
,laptop ,computer,,
,large ,adj,,
,last ,"adj, adv, det & v",,
,late ,adj & adv,,
,lately ,adv,,
,later ,adj & adv,,
,latest ,adj,,
,laugh ,n & v,,
,law ,n,,
,lawyer ,n,,
,lay ,v,,
,lazy ,adj,,
,lead ,v,,
,leader ,n,,
,leaf ,n,,
,league ,n,,
,learn ,v,,
,least ,adj & adv,,
,leather ,n,,
,leave ,v,,
,lecture ,n,,
,left ,"n, adj & adv",,
,left-hand ,adj,,
,leg ,n,,
,lemonade ,n,,
,lend ,v,,
,length ,n,,
,less ,"adv, det & pron",,
,lesson ,n,,
,let ,v,,
,letter ,n,,
,lettuce ,n,,
,level ,n,,
,library ,n,,
,licence ,n,,
,lie ,n & v,,
,lie down ,phr v,,
,life ,n,,
,lift ,n & v,,
,light ,"adj, n & v",,
,lighter ,n,,
,lightning ,n,,
,like ,prep & v,,
,likely ,adj,,
,limit ,n,,
,limited ,adj,,
,line ,n,,
,link ,n,,
,lion ,n,,
,lip ,n,,
,liquid ,n,,
,list ,n,,
,listen ,v,,
,literature ,n,,
,litre ,n,,
,litter ,n,,
,little ,"adj,det & pron",,
,live ,v,,
,live ,adj,,
,lively ,adj,,
,living room ,n,,
,load ,n,,
,loan ,n,,
,local ,adj,,
,locate ,v,,
,location ,n,,
,lock ,n & v,,
,locker ,n,,
,logo ,n,,
,lonely ,adj,,
,long ,adj,,
,look ,n & v,,
,look after ,phr v,,
,look at ,phr v,,
,look for ,phr v,,
,look forward to ,phr v,,
,look like ,v,,
,look out ,phr v,,
,look up ,phr v,,
,your dictionary. ,,,
,loose ,adj,,
,lorry ,n,,
,lose ,v,,
,lost ,adj,,
,lots I a lot ,n,,
,lottery ,n,,
,loud ,adj,,
,love ,n & v,,
,lovely ,adj,,
,low ,adj,,
,luck ,n,,
,lunchtime ,n,,
,luxury ,n,,
,machine ,n,,
,mad ,adj,,
,Madam ,n,,
,made of/from/out of ,v,,
,magazine ,n,,
,magic ,adj & n,,
,magnificent ,adj,,
,mail ,n & v,,
,main ,adj,,
,main course ,n,,
,make ,v,,
,make sure ,v,,
,make-up ,n,,
,male ,adj,,
,man ,n,,
,manage ,v,,
,in) ,,,
,manager ,n,,
,mango ,n,,
,many ,det & pron,,
,map ,n,,
,mark ,n,,
,market ,n,,
,marriage ,n,,
,married ,adj,,
,marry ,v,,
,marvellous ,adj,,
,match ,n & v,,
,mate ,n,,
,material ,n,,
,maths I mathematics ,n,,
,math) ,,,
,matter ,n & v,,
,maximum ,adj & n,,
,may ,mv,,
,maybe ,adv,,
,me ,pron,,
,meal ,n,,
,mean ,v,,
,meaning ,n,,
,meanwhile ,adv,,
,meat ,n,,
,mechanic ,n,,
,medicine ,n,,
,medium ,adj,,
,meet ,v,,
,meeting ,n,,
,melon ,n,,
,member ,n,,
,membership ,n,,
,memory ,n,,
,mend ,v,,
,mention ,v,,
,menu ,n,,
,mess ,n,,
,message ,n,,
,messy ,adj,,
,metal ,n,,
,method ,n,,
,metre ,n,,
,microwave ,n,,
,midday ,n,,
,middle ,n,,
,middle-aged ,adj,,
,midnight ,n,,
,might ,mv,,
,mild ,adj,,
,mile ,n,,
,milk ,n,,
,millimetre ,mm,,Am Eng: 
,millimeter) ,,,
,million ,n,,
,mind ,n & v,,
,tomorrow? ,v,,
,mine ,pron,,
,mineral water ,n,,
,minimum ,adj & n,,
,minus ,prep,,
,minute ,n,,
,mirror ,n,,
,miserable ,adj,,
,miss ,v,,
,mobile ,phone,,
,model ,n,,
,model. ,n,,
,modern ,adj,,
,moment ,n,,
,money ,n,,
,monkey ,n,,
,month ,n,,
,monument ,n,,
,mood ,n,,
,moon ,n,,
,more ,"adv, det & pron",,
,morning ,n,,
,mosquito ,n,,
,most ,"adv,det & pron",,
,mother ,n,,
,motorcycle ,n,,
,motorbike ,n,,
,motor-racing ,n,,
,motorway ,n,,
,mountain ,n,,
,mouse ,n,,
,moustache ,n,,
,mouth ,n,,
,move ,v,,
,movie ,n,,
,movie star ,n,,
,film star) ,,,
,movie theater ,n,,
,MP3 player ,n,,
,Mr ,n,,
,Mrs ,n,,
,Ms ,n,,
,much ,"adv, det & pron",,
,mug ,n,,
,musical ,adj,,
,musician ,n,,
,must ,mv,,
,multiply ,v,,
,my ,det,,
,myself ,pron,,
,mystery ,n,,
,name ,n & v,,
,narrow ,adj,,
,nasty ,adj,,
,national ,adj,,
,nationality ,n,,
,natural ,adj,,
,nature ,n,,
,navy blue ,adj,,
,near ,"adv, prep & adj",,
,nearby ,adj & adv,,
,nearly ,adv,,
,neat ,adj,,
,necessary ,adj,,
,neck ,n,,
,necklace ,n,,
,need ,v,,
,negative ,adj,,
,neighbour ,n,,
,neighbourhood ,n,,
,nephew ,n,,
,nervous ,adj,,
,net ,n,,
,network ,n,,
,never ,adv,,
,new ,adj,,
,news ,n,,
,newspaper ,n,,
,next ,adj & adv,,
,next to ,prep,,
,nice ,adj,,
,niece ,n,,
,night ,n,,
,nightclub ,n,,
,nightlife ,n,,
,nightmare ,n,,
,no ,"adv, det & pron",,
,nobody ,pron,,
,noise ,n,,
,noisy ,adj,,
,none ,pron,,
,noon ,n,,
,no one ,pron,,
,normal ,adj,,
,normally ,adv,,
,north ,"adj, adv & n",,
,northeast ,adj & n,,
,northern ,adj,,
,northwest ,adj & n,,
,nose ,n,,
,not ,adv,,
,note ,n & v,,
,notebook ,n,,
,notepaper ,n,,
,nothing ,pron,,
,notice ,n & v,,
,noticeboard ,n,,
,novel ,n,,
,nurse ,n,,
,object ,n,,
,obvious ,adj,,
,obviously ,adv,,
,occasion ,n,,
,occupation ,n,,
,ocean ,n,,
,o'clock ,adv,,
,of ,prep,,
,of course ,adv,,
,off ,adv & prep,,
,offer ,n & v,,
,office ,n,,
,officer ,n,,
,often ,adv,,
,oh ,exclam,,
,oh dear! ,exclam,,
,oil ,n,,
,OK I O.K./ okay ,adj & exclam,,
,old ,adj,,
,old-fashioned ,adj,,
,olive ,n,,
,omelette ,n,,
,on ,adv & prep,,
,on board ,prep phr,,
,on business ,prep phr,,
,once ,adv,,
,one ,det & pron,,
,on fire ,prep phr,,
,on foot ,prep phr,,
,on holiday ,prep phr,,
,onion ,n,,
,online ,adv & adj,,
,only ,adj & adv,,
,on purpose ,prep phr,,
,on request ,prep phr,,
,on sale ,prep phr,,
,on time ,prep phr,,
,onto ,prep,,
,hours ,n pi,,
,operate ,v,,
,operation ,n,,
,opinion ,n,,
,opportunity ,n,,
,opposite ,"adj, n, prep & adv",,
,option ,n,,
,or ,conj,,
,orange ,adj & n,,
,orchestra ,n,,
,order ,"conj, n & v",,
,ordinary ,adj,,
,organisation ,n,,
,organise ,v,,
,original ,adj,,
,other ,"adj, pron & det",,
,otherwise ,adv,,
,ought ,mv,,
,our ,det,,
,ours ,pron,,
,ourselves ,pron,,
,out ,adv,,
,outdoor ,adj,,
,outdoors ,adv,,
,out of ,prep,,
,out of date ,prep phr,,
,of order ,prep phr,,
,work ,prep phr,,
,over ,adv & prep,,
,of the school. ,prep,,
,overnight ,adj & adv,,
,owe ,v,,
,own ,"adj, pron & v",,
,owner ,n,,
,pack ,v,,
,packet ,n,,
,page ,n,,
,pain ,n,,
,painful ,adj,,
,paint ,n & v,,
,painter ,n,,
,painting ,n,,
,pair ,n,,
,palace ,n,,
,pale ,adj,,
,pan ,n,,
,pants ,n,,
,paper ,n,,
,paragraph ,n,,
,parcel ,n,,
,pardon ,exclam,,
,parent ,n,,
,park ,n & v,,
,parking ,n,,
,parking lot ,n,,
,parrot ,n,,
,part ,n,,
,partly ,adv,,
,particular ,adj,,
,song. ,,,
,partner ,n,,
,part time ,adv,,
,part-time ,adj,,
,party ,n,,
,pass ,n & v,,
,passenger,n,,
,passport ,n,,
,password ,n,,
,past ,"adj, n & prep",,
,pasta ,n,,
,path ,n,,
,patient ,adj & n,,
,pattern ,n,,
,pause ,v,,
,pavement ,n,,
,pay ,n & v,,
,PC ,personal computer,,
,pea ,n,,
,peanut ,n,,
,pear ,n,,
,pedestrian ,n,,
,peel ,v,,
,pen ,n,,
,pence ,n pi,,
,pencil ,n,,
,pencil case ,n,,
,penfriend ,n,,
,penguin ,n,,
,penny ,n,,
,people ,n pi,,
,pepper ,n,,
,per ,prep,,
,percent ,adv,,
,perfect ,adj,,
,perform ,v,,
,performance ,n,,
,performer ,n,,
,perfume ,n,,
,perhaps ,adv,,
,period ,n,,
,permanent ,adj,,
,permission ,n,,
,permit ,v,,
,permitted ,adj,,
,person ,n,,
,personal ,adj,,
,personally ,adv,,
,persuade ,v,,
,pet ,n,,
,petrol ,n,,
,petrol station ,n,,
,station) ,,,
,pharmacy ,n,,
,phone ,n & v,,
,photo ,n,,
,photocopy ,n,,
,photo,graph,,
,photographer ,n,,
,photography ,n,,
,phrase ,n,,
,physics ,n,,
,piano ,n,,
,pick ,v,,
,pick up ,phr v,,
,picnic ,n,,
,picture ,n,,
,pie ,n,,
,piece ,n,,
,pig ,n,,
,pile ,n,,
,pill ,n,,
,pillow ,n,,
,pilot ,n,,
,pin ,n & v,,
,pineapple ,n,,
,pink ,adj & n,,
,pipe ,n,,
,pirate ,n,,
,pity ,n,,
,party - it was great. ,,,
,pizza ,n,,
,place ,n,,
,plain ,adj,,
,plan ,n & v,,
,plane ,n,,
,planet ,n,,
,plant ,n & v,,
,plastic ,adj & n,,
,plate ,n,,
,platform ,n,,
,play ,n & v,,
,player ,n,,
,playground ,n,,
,pleasant ,adj,,
,please ,exclam & v,,
,pleased ,adj,,
,pleasure ,n,,
,plenty ,pron,,
,plug ,n,,
,plus ,prep & conj,,
,p.m. ,adv,,
,pocket,n,,
,pocket money ,n,,
,poem ,n,,
,poet ,n,,
,poetry ,n,,
,point ,n & v,,
,police ,n,,
,policeman ,n,,
,police officer ,n,,
,police station ,n,,
,polite ,adj,,
,political ,adj,,
,politician ,n,,
,politics ,n,,
,pollution ,n,,
,pool ,n,,
,poor ,adj,,
,pop ,n,,
,popular ,adj,,
,population ,n,,
,port ,n,,
,position ,n,,
,positive ,adj,,
,possibility ,n,,
,possible ,adj,,
,possibly ,adv,,
,post ,n & v,,
,postcard ,n,,
,poster ,n,,
,postman ,n,,
,post office ,n,,
,postpone ,v,,
,pot ,n,,
,potato ,n,,
,pound ,œ,,
,pour ,v,,
,powder ,n,,
,power ,n,,
,powerful ,adj,,
,practice ,n,,
,practise ,v,,
,pray ,v,,
,prefer ,v,,
,pregnant ,adj,,
,preparation ,n,,
,prepare ,v,,
,prepared ,adj,,
,prescription ,n,,
,present ,adj & n,,
,presentation ,n,,
,president ,n,,
,press ,v,,
,pretty ,adj & adv,,
,prevent ,v,,
,previous ,adj,,
,previously ,adv,,
,price ,n,,
,primary school ,n,,
,prince ,n,,
,princess ,n,,
,principal {adj) ,,,
,print {v) ,,,
,printer {n) ,,,
,prison {n) ,,,
,prisoner {n) ,,,
,private {adj) ,,,
,prize {n) ,,,
,probably {adv) ,,,
,problem {n) ,,,
,produce {v) ,,,
,product {n) ,,,
,profession {n) ,,,
,professional {n) ,,,
,professor {n) ,,,
,program,me, ,
,progress {n) ,,,
,project {n) ,,,
,promise {n & v) ,,,
,promote ,v,,
,pronounce {v) ,,,
,pronunciation ,n,,
,proper ,adj,,
,property ,n,,
,protect ,v,,
,proud ,adj,,
,prove ,v,,
,provide ,v,,
,public ,adj & n,,
,public transport ,n,,
,publish ,v,,
,pull ,v,,
,pullover,n,,
,pump ,n,,
,punish ,v,,
,pupil ,n,,
,puppy ,n,,
,pure ,adj,,
,purple ,adj & n,,
,purpose ,n,,
,purse ,n,,
,push {n & v) ,,,
,put,v} ,,
,put away ,phr v} ,,
,put down ,phr v} ,,
,put off ,phr v} ,,
,following week. ,,,
,put on ,phr v,,
,put out ,phr v} ,,
,put through ,phr v,,
,"manager, please? ",,,
,put up ,phr v} ,,
,puzzle ,n} ,,
,pyjamas ,n pi,,
,qualification ,n} ,,
,qualified ,adj,,
,quality ,n} ,,
,quantity ,n,,
,quarter ,n} ,,
,queen ,n,,
,question ,n,,
,questionnaire ,n,,
,queue {n) ,,,
,quick ,adj,,
,quickly ,adv} ,,
,quiet ,adj,,
,quit ,v} ,,
,quite ,adv} ,,
,quiz ,n},,
,rabbit ,n,,
,race ,n & v,,
,racket ,n,,
,radio ,n} ,,
,rail ,n,,
,railway {n} ,,,
,rain ,n & v,,
,raincoat ,n,,
,rainforest ,n,,
,raise ,v,,
,range ,n,,
,rap ,n,,
,theatre ,,,
,out? ,,,
,raw ,adj,,
,reach ,v,,
,read ,v,,
,reader ,n,,
,reading ,n,,
,ready ,adj,,
,real ,adj,,
,realise ,v,,
,realistic ,adj,,
,really ,adv,,
,reason ,n,,
,reasonable ,adj,,
,reasonably ,adv,,
,rebuild ,v,,
,receipt ,n,,
,receive ,v,,
,recent ,adj,,
,reception ,n,,
,receptionist ,n,,
,recipe ,n,,
,recognise ,v,,
,recommend ,v,,
,record ,n & v,,
,recording ,n,,
,recover ,v,,
,recycle ,v,,
,recycled ,adj,,
,recycling ,n,,
,red ,adj,,
,reduce ,v,,
,refreshments ,n pi,,
,refrigerator ,n,,
,refund ,n,,
,register ,v,,
,registration ,n,,
,regret ,n & v,,
,regular ,adj,,
,relation ,n,,
,relationship ,n,,
,relative ,n,,
,relax ,v,,
,relaxation ,n,,
,relaxed ,adj,,
,reliable ,adj,,
,religion ,n,,
,remain ,v,,
,remember ,v,,
,remind ,v,,
,remote control ,n,,
,remove ,v,,
,reply ,n & v,,
,report ,n & v,,
,reporter ,n,,
,request ,n & v,,
,require ,v,,
,rescue ,n & v,,
,research ,v,,
,reservation ,n,,
,reserve ,n & v,,
,resort ,n,,
,responsible ,adj,,
,rest ,n & v,,
,restaurant ,n,,
,result ,n,,
,retire ,v,,
,return ,n & v,,
,review ,n,,
,revise ,v,,
,revision ,n,,
,reward {n) ,,,
,rice {n) ,,,
,rich {adj) ,,,
,ride {n & v) ,,,
,rider {n) ,,,
,"right {adj, adv & n) ",,,
,right-hand {adj) ,,,
,ring {n & v) ,,,
,ring back {phr v) ,,,
,ring up ,phr v,,
,rise {v) ,,,
,river ,n,,
,road ,n,,
,roast ,adj & v} ,,
,rob {v) ,,,
,rock ,n,,
,role {n) ,,,
,roll {n) ,,,
,romance {n) ,,,
,romantic ,adj,,
,roof {n) ,,,
,room {n) ,,,
,rose {n) ,,,
,rough {adj) ,,,
,"round {adj, adv & prep} ",,,
,roundabout ,n,,
,route {n} ,,,
,routine {n},,,
,row ,n,,
,rubber {n) ,,,
,rubbish ,n,,
,rude ,adj,,
,rug ,n,,
,rugby ,n,,
,ruin {n) ,,,
,rule {n & v) ,,,
,ruler ,n,,
,run ,v,,
,runner {n} ,,,
,running ,n,,
,run out {phr v) ,,,
,sad,adj,,
,safe ,adj} ,,
,safely ,adv} ,,
,sail ,n & v,,
,sailing ,n,,
,salad ,n,,
,salary ,n,,
,sale {n} ,,,
,salesman/saleswoman {n} ,,,
,salmon {n) ,,,
,salt {n) ,,,
,same ,"adj, pron & adv} ",,
,sand ,n,,
,sandal {n) ,,,
,sandwich {n) ,,,
,satisfactory ,adj,,
,satisfied ,adj,,
,sauce ,n,,
,saucepan ,n,,
,saucer {n) ,,,
,sausage ,n,,
,save ,v,,
,say ,v,,
,scared ,adj,,
,scarf ,n,,
,scary ,adj,,
,scene ,n,,
,scenery ,n,,
,school ,n,,
,schoolchild ,n,,
,science ,n,,
,science fiction ,n,,
,scientific ,adj,,
,scientist ,n,,
,scissors ,n pi,,
,scooter ,n,,
,score ,n & v,,
,scream ,n & v,,
,screen ,n,,
,sculpture ,n,,
,sea ,n,,
,search ,n & v,,
,seaside ,n,,
,season ,n,,
,seat,n,,
,seat belt ,n,,
,second ,"adv, det & n",,
,late. ,det,,
,secondary ,adj,,
,second-hand ,adj & adv,,
,secret ,adj & n,,
,secretary ,n,,
,section ,n,,
,security ,n,,
,see ,v,,
,seem ,v,,
,select ,v,,
,selfish ,adj,,
,self-service ,adj,,
,sell,v,,
,sensible ,adj,,
,sentence ,n,,
,separate ,adj,,
,series ,n,,
,serious ,adj,,
,seriously ,adv,,
,serve ,v,,
,server ,n,,
,service ,n,,
,session ,n,,
,set ,n & v,,
,set off ,phr v,,
,set out ,phr v,,
,set up ,phr v,,
,business. ,,,
,several ,det & pron,,
,sew ,v,,
,sex ,n,,
,shade ,n,,
,shadow ,n,,
,shake ,v,,
,shall ,mv,,
,shame ,n,,
,shampoo ,n,,
,shape ,n,,
,share ,v,,
,shark ,n,,
,sharp ,adj,,
,shave ,v,,
,she ,pron,,
,sheep ,n,,
,sheet ,n,,
,shelf ,n,,
,shine ,v,,
,shiny ,adj,,
,ship ,n,,
,shirt ,n,,
,shock,n,,
,shocked ,adj,,
,shocking ,adj,,
,shoe ,n,,
,shoot ,v,,
,shop ,n & v,,
,shop assistant ,n,,
,shopping ,n,,
,shore ,n,,
,short,adj,,
,shortly ,adv,,
,shorts ,n pi,,
,should ,mv,,
,shoulder ,n,,
,shout ,n & v,,
,show ,n & v,,
,shower ,n,,
,shut ,adj & v,,
,shy,adj,,
,sick ,adj,,
,side ,n,,
,sight ,n,,
,sightseeing ,n,,
,sign ,n & v,,
,signal ,n & v,,
,signature ,n,,
,signpost ,n,,
,silence ,n,,
,silent ,adj,,
,silk ,adj & n,,
,silly ,adj,,
,silver ,adj & n,,
,similar ,adj,,
,simple ,adj,,
,since ,conj & prep,,
,sincerely ,adv,,
,sing ,v,,
,singer ,n,,
,singing ,n,,
,single ,n & adj,,
,sink ,n & v,,
,sir ,n,,
,sister ,n,,
,sit ,v,,
,sit down ,phr v,,
,site ,n,,
,sitting room ,n,,
,situated ,adj,,
,situation ,n,,
,size ,n,,
,skate ,n & v,,
,skateboard ,n & v,,
,skateboarding ,n,,
,skating ,n,,
,ski ,n & v,,
,skiing ,n,,
,skill ,n,,
,skin ,n,,
,skirt ,n,,
,sky ,n,,
,sleep ,n & v,,
,sleeve ,n} ,,
,slice ,n,,
,slim ,adj} ,,
,slip ,v,,
,slow ,adj,,
,slowly ,adv,,
,small ,adj} ,,
,smart ,adj} ,,
,smell ,n & v,,
,smile ,n & v,,
,smoke ,n & v,,
,smoking ,n} ,,
,smooth ,adj,,
,snack,n,,
,snake ,n,,
,snow ,n & v,,
,snowboard ,n & v} ,,
,snowboarding ,n} ,,
,so ,adv & conj,,
,soap ,n,,
,soap opera ,n,,
,soccer ,n,,
,sociable ,adj} ,,
,social ,adj} ,,
,society ,n,,
,sock ,n,,
,sofa ,n,,
,soft,adj,,
,software ,n,,
,soldier ,n,,
,solution ,n,,
,solve ,n,,
,some ,det & pron,,
,somebody ,pron,,
,somehow ,adv,,
,someone ,pron,,
,something ,pron,,
,sometimes ,adv,,
,somewhere ,adv,,
,son ,n,,
,song ,n,,
,soon ,adv,,
,sore ,adj,,
,sorry ,adj,,
,sort ,n,,
,the same sort ,,,
,so-so ,adj,,
,soul ,n,,
,sound ,n & v,,
,soup ,n,,
,sour ,adj,,
,south ,"adj & adv, n",,
,southeast ,adj & n,,
,southern ,adj,,
,southwest ,adj & n,,
,souvenir ,n,,
,space ,n,,
,spare ,adj & v,,
,sparkling ,adj,,
,speak ,v,,
,speaker,n,,
,special ,adj,,
,spectacular ,adj,,
,speech ,n,,
,speed ,n,,
,spell ,v,,
,spelling ,n,,
,spend ,v,,
,to spend money/time ,,,
,spice ,n,,
,spicy ,adj,,
,spill ,v,,
,spinach ,n,,
,spite ,n,,
,split up ,phr v,,
,spoil ,v,,
,spoon ,n,,
,sport ,n,,
,sports centre ,n,,
,spot ,n,,
,spy ,n,,
,square ,adj & n,,
,squash ,n,,
,stadium ,n,,
,staff ,n,,
,stage ,n,,
,stairs ,n pi,,
,stall ,n,,
,stamp ,n,,
,stand ,v,,
,star ,n,,
,start ,n & v,,
,station ,n,,
,statue ,n,,
,stay ,n & v,,
,stay behind ,phr v,,
,speak to the teacher. ,,,
,steak ,n,,
,steal ,v,,
,steep ,adj,,
,step ,n,,
,stick ,n & v,,
,sticky ,adj,,
,still ,adj & adv,,
,stir ,v,,
,stop ,n & v,,
,store ,n,,
,storm ,n,,
,story ,n,,
,straight ,adj & adv,,
,strange ,adj,,
,stranger ,n,,
,strawberry ,n,,
,stream ,n,,
,street ,n,,
,stress ,n,,
,stressed ,adj,,
,stressful ,adj,,
,strict ,adj,,
,strike ,n & v,,
,stripe ,n,,
,strong ,adj,,
,student ,n,,
,studio ,n,,
,studies ,n pi,,
,study ,n & v,,
,stuff ,n,,
,stupid ,adj,,
,style ,n,,
,stylish ,adj,,
,subject ,n,,
,subtract ,v,,
,subway ,n,,
,succeed ,v,,
,success ,n,,
,successful ,adj,,
,such ,det,,
,sudden,adj,,
,suddenly ,adv,,
,suffer ,v,,
,sugar ,n,,
,suggest ,v,,
,suggestion ,n,,
,suit ,n,,
,suitable ,adj,,
,suitcase ,n,,
,sum ,n,,
,sunglasses ,n pi,,
,sunny,adj,,
,sunrise ,n,,
,sunset ,n,,
,sunshine ,n,,
,supermarket ,n,,
,supper ,n,,
,support ,n & v,,
,during my exams. ,n,,
,supporter ,n,,
,suppose ,v,,
,sure ,adj & adv,,
,surf ,v,,
,surfboard ,n,,
,surfing ,n,,
,surname ,n,,
,surprise ,n & v,,
,surprised ,adj,,
,suprising ,adj,,
,surround ,v,,
,countryside. ,,,
,sweater ,n,,
,sweatshirt ,n,,
,sweet ,adj & n,,
,swim ,n & v,,
,swimmer ,n,,
,swimming ,n,,
,swimming costume ,n,,
,bathing suit) ,,,
,swimming pool ,n,,
,swimsuit ,n,,
,switch ,n & v,,
,system ,n,,
,table ,n,,
,table-cloth ,n,,
,tablet ,n,,
,table tennis ,n,,
,take ,v,,
,borrow) ,,,
,takeaway ,n,,
,take away ,v,,
,take care of ,v,,
,take off ,phr v,,
,take part ,in,,
,take place ,v,,
,take up ,phr v,,
,talent ,n,,
,talented ,adj,,
,talk ,n & v,,
,talk show ,n,,
,tall ,adj,,
,tap ,n,,
,taste ,n & v,,
,tasty ,adj,,
,tax ,n,,
,taxi ,n,,
,tea ,n,,
,teach ,v,,
,teacher ,n,,
,teaching ,n,,
,team ,n,,
,tear ,n & v,,
,technique ,n,,
,technology ,n,,
,teenager ,n,,
,telephone ,n & v,,
,television ,TV,,
,tell ,v,,
,temperature ,n,,
,temporary ,adj,,
,tennis ,n,,
,tense ,n,,
,tent ,n,,
,term ,n,,
,terrible ,adj,,
,terribly ,adv,,
,terrific ,adj,,
,terrified ,adj,,
,test ,n & v,,
,text ,n & v,,
,textbook ,n,,
,text message ,n,,
,than ,conj & prep,,
,thank ,v,,
,thanks ,exclam,,
,thank you ,exclam,,
,that ,"conj, det & pron",,
,the ,det,,
,theatre ,n,,
,their ,det,,
,theirs ,pron,,
,them ,pron,,
,themselves ,pron,,
,then ,adv,,
,pron) they ,pron,,
,thick ,adj,,
,thief ,n,,
,thin ,adj,,
,thing ,n,,
,think ,v,,
,thirsty ,adj,,
,this ,det & pron,,
,those ,det & pron,,
,though ,conj,,
,thought ,n,,
,thriller ,n,,
,throat ,n,,
,through ,prep,,
,throw ,v,,
,throw away ,phr v,,
,thumb ,n,,
,thunder ,n,,
,thunderstorm ,n,,
,tick ,n & v,,
,ticket ,n,,
,tidy ,adj & v,,
,tidy up ,phr v,,
,tie ,n & v,,
,tiger ,n,,
,tight ,adj,,
,tights ,n pi,,
,till ,conj & prep,,
,time ,n & v,,
,timetable ,n,,
,tin ,n,,
,tiny ,adj,,
,tip ,n,,
,tired ,adj,,
,tiring ,adj,,
,tissue ,n,,
,title ,n,,
,to ,prep,,
,toast ,n,,
,today ,adv & n,,
,toe ,n,,
,together ,adv,,
,toilet ,n,,
,tomato ,n,,
,tomorrow ,adv & n,,
,tongue ,n,,
,tonight ,adv & n,,
,too ,adv,,
,tooth/teeth ,n,,
,toothache ,n,,
,toothbrush ,n,,
,toothpaste ,n,,
,top ,adj & n,,
,topic ,n,,
,total ,adj & n,,
,totally ,adv,,
,touch ,v,,
,tour ,n & v,,
,tour guide ,n,,
,tourism ,n,,
,tourist ,n,,
,tourist information centre ,n,,
,tournament ,n,,
,toward,s,,
,towel ,n,,
,tower ,n,,
,town ,n,,
,toy ,n,,
,track ,n,,
,tracksuit ,n,,
,trade ,n,,
,traditional ,adj,,
,traffic ,n,,
,traffic jam ,n,,
,traffic light,s,,
,train ,n & v,,
,trainer ,n,,
,training ,n,,
,tram ,n,,
,transfer ,v,,
,translate ,v,,
,translation ,n,,
,transport ,n,,
,trash can ,n,,
,travel ,v,,
,travel agent ,n,,
,tree ,n,,
,trend ,n,,
,trick ,n,,
,trip ,n,,
,trouble ,n,,
,trousers ,n pi,,
,truck ,Am Eng,,
,trunk ,n,,
,true ,adj,,
,trumpet ,n,,
,trust ,v,,
,truth ,n,,
,try ,v,,
,try on ,phr v,,
,T-shirt ,n,,
,tube ,n,,
,tuna ,n,,
,tune ,n,,
,tunnel ,n,,
,turkey ,n,,
,turn ,n & v,,
,turn down ,phr v,,
,turning ,n,,
,turn into ,phr v,,
,turn off ,phr v,,
,turn on ,phr v,,
,turn up ,phr v,,
,twice ,adv,,
,twin ,n,,
,type ,n & v,,
,typical ,adj,,
,typically ,adv,,
,tyre ,n,,
,unable ,adj,,
,unbelievable ,adj,,
,uncle ,n,,
,uncomfortable ,adj,,
,under ,prep,,
,underground ,adj & n,,
,underline ,v,,
,underneath ,prep,,
,underpants ,n,,
,understand ,v,,
,underwear ,n,,
,undress ,v,,
,unemployed ,adj,,
,unemployment ,n,,
,unexpected ,adj,,
,unfair ,adj,,
,unfit ,adj,,
,unforgettable ,adj,,
,unfortunately ,adv,,
,unfriendly ,adj,,
,unhappy ,n,,
,unhealthy ,adj,,
,uniform ,n,,
,union ,n,,
,unit ,n,,
,unkind ,adj,,
,unknown ,adj,,
,unimportant ,adj,,
,uninterested ,adj,,
,uninteresting ,adj,,
,universe ,n,,
,university ,n,,
,unless ,conj,,
,unlikey ,adj,,
,unlucky ,adj,,
,unnecessary ,adj,,
,unpack ,v,,
,unpleasant ,adj,,
,until ,prep & conj,,
,unusual ,adv,,
,unwell ,adj,,
,up ,adv & prep,,
,update ,n & v,,
,upload ,n,,
,upon ,prep,,
,upper ,adj,,
,upset ,adj,,
,upstairs ,adj & adv,,
,up to ,prep phr,,
,up to date ,prep phr,,
,urgent ,adj,,
,urgently ,adv,,
,us ,pron,,
,use ,n & v,,
,used to ,v,,
,younger. ,,,
,useful ,adj,,
,user,n,,
,usual ,adj,,
,usually ,adv,,
,v/versus ,prep,,
,valley ,n,,
,valuable ,adj,,
,value ,n,,
,variety ,n,,
,various ,adj,,
,vase ,n,,
,vegetable ,n,,
,vegetarian ,n & adj,,
,vehicle ,n,,
,very ,adv,,
,vet ,n,,
,via ,prep,,
,video ,n & v,,
,video clip ,n,,
,video game ,n,,
,view ,n,,
,village ,n,,
,violin ,n,,
,virus ,n,,
,visa ,n,,
,visit ,n & v,,
,visitor ,n,,
,vocabulary ,n,,
,voice ,n,,
,volleyball,n,,
,volume ,n,,
,vote ,n & v,,
,vowel ,n,,
,wage,s,,
,wake ,v,,
,wake up ,phr v,,
,walk ,n & v,,
,walking ,n,,
,wall ,n,,
,wallet ,n,,
,want ,v,,
,war ,n,,
,wardrobe ,n,,
,warm ,adj,,
,warn ,v,,
,warning ,n,,
,wash ,n & v,,
,wash up ,phr v,,
,washing machine ,n,,
,washing-up ,n,,
,waste ,adj & v,,
,watch ,n & v,,
,water ,n & v,,
,waterfall ,n,,
,wave ,n & v,,
,way ,n,,
,we ,pron,,
,weak ,adj,,
,wear ,v,,
,wear out ,phr v & adj,,
,weather ,n,,
,weather forecast ,n,,
,web ,n,,
,webcam ,n,,
,web page ,n,,
,website ,n,,
,wedding ,n,,
,week ,n,,
,weekday ,n,,
,weekend ,n,,
,weekly ,adj & adv,,
,weigh ,v,,
,well ,"adj, adv & exclam",,
,well done! ,adv,,
,well-dressed ,adj,,
,well-known ,adj,,
,well made I well-made ,adv & adj,,
,west ,"adj, adv & n",,
,western ,adj,,
,wet ,adj,,
,whale ,n,,
,what ,det & pron,,
,whatever ,pron & det,,
,wheel ,n,,
,wheelchair ,n,,
,when ,adv,,
,whenever ,conj,,
,where ,adv & conj,,
,wherever ,conj,,
,whether ,conj,,
,which ,pron & det,,
,"while, whilst ",conj,,
,white ,adj,,
,who ,pron,,
,whole ,adj & n,,
,whose ,det & pron,,
,why ,adv,,
,wide ,adj,,
,wife ,n,,
,wild ,adj,,
,wildlife ,n,,
,will ,mv,,
,willing ,adj,,
,win ,v,,
,wind ,n,,
,window ,n,,
,windscreen ,n,,
,windsurfing ,n,,
,windy ,n,,
,wing ,n,,
,winner ,n,,
,wise ,adj,,
,wish ,n & v,,
,with ,prep,,
,within ,prep,,
,without ,prep,,
,woman ,n,,
,wonder ,v,,
,wonderful ,adj,,
,wood ,n,,
,wooden ,adj,,
,wool ,n} ,,
,word ,n,,
,work ,n & v,,
,worker ,n} ,,
,working ,adj,,
,workout ,n,,
,work out ,phr v,,
,world ,n,,
,worried ,adj,,
,worry ,n & v,,
,worse ,adj & adv,,
,worst ,adj & adv,,
,worth ,adj} ,,
,would ,mv,,
,wow ,exclam,,
,wrap ,up,,
,write ,v,,
,write down ,phr v,,
,writer ,n,,
,writing ,n,,
,written ,adj,,
,wrong ,adj,,
,yard ,n,,
,yeah ,exclam,,
,year ,n,,
,yellow ,adj,,
,yes ,adv,,
,yesterday ,adv,,
,yet ,adv,,
,yoga ,n,,
,yog,h,,
,you ,pron,,
,zebra ,,,
,zero ,n,,
,zone ,n,,
,zoo ,n,,
,you know ,exclam,,
,young ,adj,,
,your ,det,,
,yours ,pron,,
,yourself ,pron,,
,youth ,n,,
MEDICAL,menstrual Calendar,,,
,pregnancy,,,
,health,,,
,medical,,,
,women,,,
,men,,,
,birth plan,,,
,name,,,
,doctor,,,
BUSINESS,office,,,
,countries,,,
,business,,,
,user,,,
,view,,,
,credit,,,
,print,,,
,create,,,
,document,,,
,word,,,
,excel,,,
,powerpoint,,,
,cloud,,,
,service,,,
,attachment,,,
,manage,,,
,file,,,
,box,,,
,worldwide,,,
,editor,,,
,book,,,
,security,,,
,format,,,
,underline,,,
,color,,,
,font,,,
,note,,,
,text,,,
,printer,,,
,manager,,,
,designe,,,
,system,,,
,promote,,,
,share,,,
,album,,,
,notification,,,
,push,,,
,facebook,,,
,audience,,,
,admin,,,
,update,,,
,host,,,
,presentation,,,
,company,,,
,folder,,,
,email,,,
,adress,,,
,coworker,,,
,customer,,,
,consumer,,,
,product,,,
,producer,,,
,factory,,,
,communicate,,,
,cooperate,,,
,corporation,,,
,interface,,,
,server,,,
,status,,,
,mobile,,,
,colleague,,,
,optimizer,,,
,memory,,,
,free,,,
,speed,,,
,phone,,,
,battery,,,
,screen,,,
,feature,,,
,regular,,,
,GPS,,,
,app,,,
,application,,,
,uninstaller,,,
,ignore,,,
,kill,,,
,android,,,
,task,,,
,description,,,
,stop,,,
,card,,,
,name card,,,
,professional,,,
,world ,,,
,salespeople,,,
,data,,,
,workmate,,,
,privacy,,,
,personal,,,
,setting,,,
,game,,,
,messing up,,,
,monitor,,,
,supervisory,,,
,contact,,,
,email,,,
,password,,,
,policy,,,
,calculator,,,
,support,,,
,lock,,,
COMICS,comic,,,
,shake,,,
,portrait,,,
,landscape,,,
,impress,,,
,event,,,
,annoucment,,,
,finger,,,
,breakthrough,,,
,tool,,,
,posing,,,
,artist,,,
,imagine,,,
,magazine,,,
,model,,,
,male,,,
,female,,,
,body,,,
,figure,,,
,geometry,,,
,intersect,,,
,realistic,,,
,drawing,,,
,illustration,,,
,character,,,
,animation,,,
,story,,,
,3D,,,
,phoenix,,,
,author,,,
,course,,,
,art ,,,
,move,,,
,experiment,,,
,control,,,
,zoom in,,,
,zoom out,,,
,pinch,,,
,dramatic,,,
,powerful,,,
,plugin,,,
,external,,,
,scanning,,,
,catalog,,,
,fullscreen,,,
,popular,,,
,lifelong,,,
,usability,,,
,improvement,,,
,tablet,,,
,virtual,,,
,bookshelf,,,
,storage,,,
,image,,,
,twitter,,,
,wechat,,,
,dropbox,,,
,photo,,,
,camera,,,
,moment,,,
,bluetooth,,,
,touch,,,
,community,,,
,problem,,,
,solution,,,
,theme,,,
,work ,,,
,market,,,
,suggestion,,,
,launcher,,,
,drawer,,,
,cute,,,
,movie,,,
,model,,,
,hightlight,,,
,interaction,,,
,innovative,,,
,word,,,
,magic,,,
,icon,,,
,skin,,,
,fantastic,,,
,wallpaper,,,
,troll,,,
,friend,,,
,face ,,,
,haivl,,,
,ringtone,,,
COMMUNICATION,wifi,,,
,hotspot,,,
,call,,,
,video call,,,
,group,,,
,hang out,,,
,chat,,,
,history,,,
,message,,,
,talk,,,
,yahoo,,,
,messenger,,,
,quote,,,
,browser,,,
,voice,,,
,network,,,
,picture,,,
,text,,,
,roommate,,,
,share,,,
,portable,,,
,configure,,,
,wireless,,,
,flash player,,,
,music player,,,
,streaming,,,
,adds,,,
,anti,,,
,intelligent,,,
,conversation,,,
,connect,,,
,sms,,,
,mms,,,
,sync,,,
,account,,,
,page,,,
,tag,,,
,bookmark,,,
,remote,,,
,local,,,
,search,,,
,timer,,,
,clock,,,
,money,,,
,organization,,,
,meeting,,,
,tether,,,
,root,,,
,incoming,,,
,compression,,,
,web,,,
,download,,,
,adobe flash,,,
,javascript,,,
,toolbar,,,
,sidebar,,,
,track,,,
,temperature,,,
,tranmission,,,
,transaction,,,
,vehicle,,,
,timing,,,
,night,,,
,driving,,,
,map,,,
,speedometer,,,
,compass,,,
EDUCATION,education,,,
,dictionary,,,
,flash card,,,
,story teller,,,
,learn,,,
,study,,,
,play,,,
,action,,,
,quizz,,,
,quizzer,,,
,class,,,
,kid,,,
,kindergarden,,,
,practice,,,
,read,,,
,listen,,,
,write,,,
,speak,,,
,letter,,,
,sentence,,,
,child,,,
,TV serie,,,
,spelling,,,
,writing,,,
,reading,,,
,alphabet,,,
,sound,,,
,tracing,,,
,location,,,
,puzzler,,,
,capital,,,
,shape,,,
,nickname,,,
,flag,,,
,nation,,,
,area,,,
,distance,,,
,measure,,,
,formula,,,
,field,,,
,theory,,,
,question,,,
,answer,,,
,hair salon,,,
,scissor,,,
,comb,,,
,iron,,,
,crimper,,,
,acessories,,,
,glass,,,
,hat,,,
,graph,,,
,driving test,,,
,course,,,
,zoo train,,,
